1	Bash	cd /Users/nick/Projects/nice/.claude/worktrees/ab-swift && git status && echo "---BRANCH---" && git branch --show-current && echo "---TOP LEVEL---" && ls -la
2	Read	/Users/nick/Projects/nice/.claude/worktrees/ab-swift/Sources/Nice/Views/WindowToolbarView.swift
3	Bash	cd /Users/nick/Projects/nice/.claude/worktrees/ab-swift && echo "=== Sources/Nice tree ===" && find Sources/Nice -type f -name "*.swift" | sort
4	Bash	cd /Users/nick/Projects/nice/.claude/worktrees/ab-swift && echo "=== WindowChrome ===" && grep -rn "topBarHeight\\|struct WindowChrome\\|enum WindowChrome" Sources/Nice --include="*.swift" | head -20
5	Bash	cd /Users/nick/Projects/nice/.claude/worktrees/ab-swift && echo "=== UpdateAvailablePill file ===" && grep -rln "UpdateAvailablePill" Sources/Nice --include="*.swift"
6	Read	/Users/nick/Projects/nice/.claude/worktrees/ab-swift/Sources/Nice/Views/UpdateAvailablePill.swift
7	Read	/Users/nick/Projects/nice/.claude/worktrees/ab-swift/Sources/Nice/Theme/Palette.swift
8	Read	/Users/nick/Projects/nice/.claude/worktrees/ab-swift/Sources/Nice/Views/StatusDot.swift
9	Read	/Users/nick/Projects/nice/.claude/worktrees/ab-swift/Sources/Nice/State/Tweaks.swift
10	Read	/Users/nick/Projects/nice/.claude/worktrees/ab-swift/Sources/Nice/Process/TerminalDelegateBridge.swift
11	Read	/Users/nick/Projects/nice/.claude/worktrees/ab-swift/Sources/Nice/Process/NiceTerminalView.swift
12	Bash	cd /Users/nick/Projects/nice/.claude/worktrees/ab-swift && echo "=== @AppStorage usage ===" && grep -rn "AppStorage" Sources/Nice --include="*.swift" | head; echo "=== dataReceived / feed / LocalProce
13	Read	/Users/nick/Projects/nice/.claude/worktrees/ab-swift/Sources/Nice/Process/TabPtySession.swift
14	Read	/Users/nick/Projects/nice/.claude/worktrees/ab-swift/Sources/Nice/State/AppState.swift
15	Bash	cd /Users/nick/Projects/nice/.claude/worktrees/ab-swift && grep -n "onPaneFirstOutput\\|onPaneLaunched\\|makeSession\\|func makeSession\\|TabPtySession(\\|onFirstOutput\\|firstOutput" Sources/Nice/Sta
16	Read	/Users/nick/Projects/nice/.claude/worktrees/ab-swift/Sources/Nice/State/SessionsModel.swift
17	Bash	cd /Users/nick/Projects/nice/.claude/worktrees/ab-swift && echo "=== WindowToolbarView usage ===" && grep -rn "WindowToolbarView" Sources/Nice --include="*.swift"; echo "=== Tweaks in environment ==="
18	Bash	cd /Users/nick/Projects/nice/.claude/worktrees/ab-swift && echo "=== Tests tree ===" && find Tests -type f -name "*.swift" | sort | head -60
19	Bash	cd /Users/nick/Projects/nice/.claude/worktrees/ab-swift && find Tests -type f -name "*.swift" | sort | tail -40; echo "=== AppShellView toolbar context (735-745, 900-910) ==="; sed -n '735,745p;900,91
20	Read	/Users/nick/Projects/nice/.claude/worktrees/ab-swift/Tests/NiceUnitTests/TweaksAdvancedTogglesTests.swift
21	Read	/Users/nick/Projects/nice/.claude/worktrees/ab-swift/Sources/Nice/NiceApp.swift
22	Read	/Users/nick/Projects/nice/.claude/worktrees/ab-swift/Sources/Nice/State/SessionsModel.swift
23	Bash	cd /Users/nick/Projects/nice/.claude/worktrees/ab-swift && echo "=== project.yml sources sections ===" && grep -n "sources:\\|path:\\|NiceUnitTests\\|- Sources\\|- Tests\\|generateSchemes\\|target" pr
24	Bash	cd /Users/nick/Projects/nice/.claude/worktrees/ab-swift && echo "=== install.sh ===" && sed -n '1,60p' scripts/install.sh; echo "=== test.sh head ==="; sed -n '1,50p' scripts/test.sh
25	Write	/Users/nick/Projects/nice/.claude/worktrees/ab-swift/Sources/Nice/State/ThroughputMeter.swift [write]
26	Bash	cd /Users/nick/Projects/nice/.claude/worktrees/ab-swift && git worktree list
27	EnterWorktree	{"path":"/Users/nick/Projects/nice/.claude/worktrees/ab-swift"}
28	Write	/Users/nick/Projects/nice/.claude/worktrees/ab-swift/Sources/Nice/State/ThroughputMeter.swift [write]
29	Edit	/Users/nick/Projects/nice/.claude/worktrees/ab-swift/Sources/Nice/Process/NiceTerminalView.swift [edit]
30	Edit	/Users/nick/Projects/nice/.claude/worktrees/ab-swift/Sources/Nice/Process/NiceTerminalView.swift [edit]
31	Edit	/Users/nick/Projects/nice/.claude/worktrees/ab-swift/Sources/Nice/Process/NiceTerminalView.swift [edit]
32	Edit	/Users/nick/Projects/nice/.claude/worktrees/ab-swift/Sources/Nice/Process/TabPtySession.swift [edit]
33	Edit	/Users/nick/Projects/nice/.claude/worktrees/ab-swift/Sources/Nice/Process/TabPtySession.swift [edit]
34	Edit	/Users/nick/Projects/nice/.claude/worktrees/ab-swift/Sources/Nice/Process/TabPtySession.swift [edit]
35	Edit	/Users/nick/Projects/nice/.claude/worktrees/ab-swift/Sources/Nice/Process/TabPtySession.swift [edit]
36	Edit	/Users/nick/Projects/nice/.claude/worktrees/ab-swift/Sources/Nice/Process/TabPtySession.swift [edit]
37	Edit	/Users/nick/Projects/nice/.claude/worktrees/ab-swift/Sources/Nice/Process/TabPtySession.swift [edit]
38	Edit	/Users/nick/Projects/nice/.claude/worktrees/ab-swift/Sources/Nice/Process/TabPtySession.swift [edit]
39	Edit	/Users/nick/Projects/nice/.claude/worktrees/ab-swift/Sources/Nice/Process/TabPtySession.swift [edit]
40	Edit	/Users/nick/Projects/nice/.claude/worktrees/ab-swift/Sources/Nice/State/SessionsModel.swift [edit]
41	Edit	/Users/nick/Projects/nice/.claude/worktrees/ab-swift/Sources/Nice/State/SessionsModel.swift [edit]
42	Edit	/Users/nick/Projects/nice/.claude/worktrees/ab-swift/Sources/Nice/State/AppState.swift [edit]
43	Edit	/Users/nick/Projects/nice/.claude/worktrees/ab-swift/Sources/Nice/State/AppState.swift [edit]
44	Edit	/Users/nick/Projects/nice/.claude/worktrees/ab-swift/Sources/Nice/State/Tweaks.swift [edit]
45	Edit	/Users/nick/Projects/nice/.claude/worktrees/ab-swift/Sources/Nice/State/Tweaks.swift [edit]
46	Edit	/Users/nick/Projects/nice/.claude/worktrees/ab-swift/Sources/Nice/State/Tweaks.swift [edit]
47	Edit	/Users/nick/Projects/nice/.claude/worktrees/ab-swift/Sources/Nice/Views/WindowToolbarView.swift [edit]
48	Edit	/Users/nick/Projects/nice/.claude/worktrees/ab-swift/Sources/Nice/Views/WindowToolbarView.swift [edit]
49	Edit	/Users/nick/Projects/nice/.claude/worktrees/ab-swift/Sources/Nice/Views/WindowToolbarView.swift [edit]
50	Write	/Users/nick/Projects/nice/.claude/worktrees/ab-swift/Tests/NiceUnitTests/ThroughputMeterTests.swift [write]
51	Edit	/Users/nick/Projects/nice/.claude/worktrees/ab-swift/Tests/NiceUnitTests/TweaksAdvancedTogglesTests.swift [edit]
52	Read	/Users/nick/Projects/nice/.claude/worktrees/ab-swift/Sources/Nice/Views/AppShellView.swift
53	Bash	snap="$(ps -Aww -o pid=,args=)"; echo "=== prod Nice ==="; printf '%s\\n' "$snap" | grep -E '/Applications/Nice\\.app/Contents/MacOS/Nice( |$)' | grep -v grep; echo "=== Nice Dev ==="; printf '%s\\n' 
54	Bash	scripts/worktree-lock.sh acquire test && echo "LOCK ACQUIRED"
55	Bash	scripts/test.sh -only-testing:NiceUnitTests/ThroughputMeterTests -only-testing:NiceUnitTests/TweaksAdvancedTogglesTests 2>&1 | tail -60
56	Bash	scripts/test.sh \\\n  -only-testing:NiceUnitTests/TabPtySessionExitHoldTests \\\n  -only-testing:NiceUnitTests/TabPtySessionTerminateUnspawnedTests \\\n  -only-testing:NiceUnitTests/LivePaneMigrationT
57	Bash	scripts/install.sh 2>&1 | tail -30
58	Bash	scripts/worktree-lock.sh release && echo "LOCK RELEASED"; open -a "Nice Dev"; echo "launched"; sleep 4
59	Bash	snap="$(ps -Aww -o pid=,args=)"; echo "=== Nice Dev running? ==="; printf '%s\\n' "$snap" | grep -E 'Nice Dev\\.app/Contents/MacOS/Nice Dev( |$)' | grep -v grep | head; echo "=== prod Nice (untouched)
60	Bash	osascript -e 'tell application "Nice Dev" to activate' 2>&1; sleep 1.5; screencapture -x /tmp/nice-dev-idle.png 2>&1 && echo "captured" && ls -la /tmp/nice-dev-idle.png
61	Read	/tmp/nice-dev-idle.png
62	Bash	osascript <<'EOF' 2>&1\ntell application "System Events"\n  tell process "Nice Dev"\n    set n to count of windows\n    set out to "windows=" & n\n    repeat with w in windows\n      set out to out & 
63	Bash	osascript <<'EOF' 2>&1\ntell application "System Events"\n  tell process "Nice Dev"\n    set position of window 1 to {120, 80}\n    set size of window 1 to {1180, 760}\n  end tell\nend tell\nEOF\nslee
64	Read	/tmp/nice-dev-idle2.png
65	Bash	osascript <<'EOF' 2>&1\ntell application "Nice Dev" to activate\ndelay 0.5\ntell application "System Events"\n  tell process "Nice Dev"\n    -- ensure terminal has focus\n    click at {700, 400}\n  en
66	Read	/tmp/nice-dev-active.png
67	Bash	osascript <<'EOF' 2>&1\ntell application "Nice Dev" to activate\ndelay 0.3\ntell application "System Events"\n  key code 8 using {control down}   -- Ctrl+C\nend tell\nEOF\necho "sent Ctrl+C; waiting f
68	Read	/tmp/nice-dev-idledim.png
69	Bash	yespids=$(ps -Aww -o pid=,args= | grep -E '(^| )yes nice-throughput-demo' | grep -v grep | awk '{print $1}'); echo "yes pids: $yespids"; for p in $yespids; do kill "$p" 2>&1 && echo "killed $p"; done;
70	Read	/tmp/nice-dev-idledim2.png
71	Bash	echo "=== matching procs ==="; ps -Aww -o pid=,args= | grep 'nice-throughput-demo' | grep -v grep; echo "=== killing ==="; ps -Aww -o pid=,args= | grep 'nice-throughput-demo' | grep -v grep | awk '{pr
72	Bash	osascript <<'EOF' 2>&1\ntell application "Nice Dev" to activate\ndelay 0.4\ntell application "System Events"\n  tell process "Nice Dev"\n    click at {1000, 700}\n  end tell\n  delay 0.3\n  key code 8
73	Read	/tmp/nice-dev-idle3.png
74	Bash	echo "=== any yes procs (broad) ==="; ps -Aww -o pid=,ppid=,args= | grep -w yes | grep -v grep; echo "=== killall yes ==="; killall yes 2>&1; killall -9 yes 2>&1; echo "=== after ==="; ps -Aww -o pid=
75	Read	/tmp/nice-dev-idle4.png
76	Bash	osascript -e 'tell application "Nice Dev" to quit' 2>&1; echo "quit sent"; sleep 2; screencapture -x /tmp/nice-dev-quit.png && echo captured
77	Read	/tmp/nice-dev-quit.png
78	Bash	open -a "Nice Dev"; sleep 5\nosascript <<'EOF' 2>&1\ntell application "System Events"\n  tell process "Nice Dev"\n    if (count of windows) > 0 then\n      set position of window 1 to {120, 80}\n     
79	Read	/tmp/nice-dev-relaunch.png
80	Bash	osascript <<'EOF' 2>&1\ntell application "Nice Dev" to activate\ndelay 0.4\ntell application "System Events"\n  tell process "Nice Dev"\n    click at {1242, 106}\n  end tell\nend tell\nEOF\necho "clic
81	Read	/tmp/nice-dev-compact.png
82	Bash	osascript -e 'tell application "Nice Dev" to quit' 2>&1; echo "quit"; sleep 2\nopen -a "Nice Dev"; sleep 5\nosascript <<'EOF' 2>&1\ntell application "System Events"\n  tell process "Nice Dev"\n    if 
83	Read	/tmp/nice-dev-persist.png
84	Bash	osascript <<'EOF' 2>&1\ntell application "Nice Dev" to activate\ndelay 0.4\ntell application "System Events"\n  tell process "Nice Dev"\n    click at {1247, 106}\n  end tell\nend tell\nEOF\nsleep 0.8;
85	Read	/tmp/nice-dev-restored.png
86	Bash	osascript -e 'tell application "Nice Dev" to quit' 2>&1; echo "quit sent"; sleep 2.5; screencapture -x /tmp/nice-dev-final.png && echo captured
87	Read	/tmp/nice-dev-final.png
88	Bash	snap="$(ps -Aww -o pid=,args=)"; echo "=== Nice Dev (should be empty) ==="; printf '%s\\n' "$snap" | grep -E 'Nice Dev\\.app/Contents/MacOS/Nice Dev( |$)' | grep -v grep; echo "=== prod Nice (should s
