1	Bash	cd /Users/nick/Projects/nice/.claude/worktrees/ab-swift && git status && echo "---BRANCH---" && git branch --show-current
2	Bash	cd /Users/nick/Projects/nice/.claude/worktrees/ab-swift && ls -la Sources/Nice/ && echo "---VIEWS---" && ls -la Sources/Nice/Views/
3	Bash	cd /Users/nick/Projects/nice/.claude/worktrees/ab-swift && ls -la Sources/Nice/Views/Chrome/ && echo "---THEME---" && ls -la Sources/Nice/Theme/
4	Read	/Users/nick/Projects/nice/.claude/worktrees/ab-swift/Sources/Nice/Views/WindowChrome.swift
5	Read	/Users/nick/Projects/nice/.claude/worktrees/ab-swift/Sources/Nice/Views/WindowDragRegion.swift
6	Read	/Users/nick/Projects/nice/.claude/worktrees/ab-swift/Sources/Nice/Views/Chrome/ChromeEventRouter.swift
7	Read	/Users/nick/Projects/nice/.claude/worktrees/ab-swift/Sources/Nice/Views/Chrome/WindowChromeController.swift
8	Bash	cd /Users/nick/Projects/nice/.claude/worktrees/ab-swift && grep -n "WindowToolbarView\\|WindowDragRegion\\|WindowChrome\\.\\|topBarHeight\\|ChromeDragStripView\\|VStack\\|bottomBar\\|statusBar\\|Statu
9	Read	/Users/nick/Projects/nice/.claude/worktrees/ab-swift/Sources/Nice/Views/AppShellView.swift
10	Read	/Users/nick/Projects/nice/.claude/worktrees/ab-swift/Sources/Nice/Views/AppShellView.swift
11	Bash	cd /Users/nick/Projects/nice/.claude/worktrees/ab-swift && grep -n "var shell\\|private var shell\\|expandedShell\\|collapsedShell\\|var mainContent\\|MARK:" Sources/Nice/Views/AppShellView.swift | he
12	Read	/Users/nick/Projects/nice/.claude/worktrees/ab-swift/Sources/Nice/Views/AppShellView.swift
13	Bash	cd /Users/nick/Projects/nice/.claude/worktrees/ab-swift && grep -n "PaneDragHosting\\|mouseDownCanMoveWindow\\|class.*NSView\\|NSViewRepresentable\\|func hitTest" Sources/Nice/Views/PaneDragSource.swi
14	Read	/Users/nick/Projects/nice/.claude/worktrees/ab-swift/Sources/Nice/Views/PaneDragSource.swift
15	Read	/Users/nick/Projects/nice/.claude/worktrees/ab-swift/Sources/Nice/Theme/Typography.swift
16	Bash	cd /Users/nick/Projects/nice/.claude/worktrees/ab-swift && grep -n "niceChrome\\|niceLine\\|niceText\\|niceSecondary\\|niceMuted\\|nicePanel\\|func nice" Sources/Nice/Theme/Palette.swift
17	Read	/Users/nick/Projects/nice/.claude/worktrees/ab-swift/Sources/Nice/Views/WindowToolbarView.swift
18	Bash	cd /Users/nick/Projects/nice/.claude/worktrees/ab-swift && grep -rn "var cwd\\|let cwd\\|cwd:\\|workingDirectory\\|projectPath\\|var projectPath" Sources/Nice/State/*.swift | grep -iv "func\\|//" | he
19	Read	/Users/nick/Projects/nice/.claude/worktrees/ab-swift/Sources/Nice/State/Models.swift
20	Bash	cd /Users/nick/Projects/nice/.claude/worktrees/ab-swift && grep -rn "@Observable\\|final class TabModel\\|func tab(for\\|var activeTabId\\|var activePaneId\\|func activePane\\|var tabs\\b" Sources/Nic
21	Read	/Users/nick/Projects/nice/.claude/worktrees/ab-swift/Sources/Nice/State/TabModel.swift
22	Read	/Users/nick/Projects/nice/.claude/worktrees/ab-swift/Sources/Nice/Views/FileOperationDriftBanner.swift
23	Bash	cd /Users/nick/Projects/nice/.claude/worktrees/ab-swift && grep -rln "ChromeEventRouter\\|\\.decision(\\|HitKind\\|DoubleClickTitleBarAction\\|WindowChrome\\." Tests UITests 2>/dev/null
24	Read	/Users/nick/Projects/nice/.claude/worktrees/ab-swift/Tests/NiceUnitTests/ChromeEventRouterTests.swift
25	Read	/Users/nick/Projects/nice/.claude/worktrees/ab-swift/Tests/NiceUnitTests/WindowChromeTests.swift
26	Read	/Users/nick/Projects/nice/.claude/worktrees/ab-swift/Tests/NiceUnitTests/WindowToolbarDragRegionTests.swift
27	Read	/Users/nick/Projects/nice/.claude/worktrees/ab-swift/UITests/WindowDragUITests.swift
28	Bash	cd /Users/nick/Projects/nice/.claude/worktrees/ab-swift && grep -n "PaneDragSource\\|frame(\\|lineLimit\\|truncation\\|maxWidth\\|fixedSize\\|layoutPriority\\|sizingOptions" Sources/Nice/Views/WindowT
29	Read	/Users/nick/Projects/nice/.claude/worktrees/ab-swift/Sources/Nice/Views/WindowToolbarView.swift
30	Edit	/Users/nick/Projects/nice/.claude/worktrees/ab-swift/Sources/Nice/Views/WindowChrome.swift [edit]
31	Bash	cd /Users/nick/Projects/nice/.claude/worktrees/ab-swift && git worktree list
32	EnterWorktree	{"path":"/Users/nick/Projects/nice/.claude/worktrees/ab-swift"}
33	Edit	/Users/nick/Projects/nice/.claude/worktrees/ab-swift/Sources/Nice/Views/WindowChrome.swift [edit]
34	Edit	/Users/nick/Projects/nice/.claude/worktrees/ab-swift/Sources/Nice/Views/Chrome/ChromeEventRouter.swift [edit]
35	Edit	/Users/nick/Projects/nice/.claude/worktrees/ab-swift/Sources/Nice/Views/Chrome/ChromeEventRouter.swift [edit]
36	Edit	/Users/nick/Projects/nice/.claude/worktrees/ab-swift/Sources/Nice/Views/Chrome/ChromeEventRouter.swift [edit]
37	Edit	/Users/nick/Projects/nice/.claude/worktrees/ab-swift/Sources/Nice/Views/Chrome/ChromeEventRouter.swift [edit]
38	Edit	/Users/nick/Projects/nice/.claude/worktrees/ab-swift/Sources/Nice/Views/Chrome/ChromeEventRouter.swift [edit]
39	Write	/Users/nick/Projects/nice/.claude/worktrees/ab-swift/Sources/Nice/Views/BottomStatusBarView.swift [write]
40	Read	/Users/nick/Projects/nice/.claude/worktrees/ab-swift/Sources/Nice/Views/AppShellView.swift
41	Edit	/Users/nick/Projects/nice/.claude/worktrees/ab-swift/Sources/Nice/Views/AppShellView.swift [edit]
42	Edit	/Users/nick/Projects/nice/.claude/worktrees/ab-swift/Sources/Nice/Views/AppShellView.swift [edit]
43	Edit	/Users/nick/Projects/nice/.claude/worktrees/ab-swift/Tests/NiceUnitTests/ChromeEventRouterTests.swift [edit]
44	Edit	/Users/nick/Projects/nice/.claude/worktrees/ab-swift/Tests/NiceUnitTests/WindowChromeTests.swift [edit]
45	Edit	/Users/nick/Projects/nice/.claude/worktrees/ab-swift/Tests/NiceUnitTests/WindowToolbarDragRegionTests.swift [edit]
46	Bash	grep -n "struct InlinePanePill\\|@Environment\\|context.environment\\|\\.environment(" Sources/Nice/Views/WindowToolbarView.swift | head -30 && echo "---PaneDragSource env---" && grep -n "context.envi
47	Edit	/Users/nick/Projects/nice/.claude/worktrees/ab-swift/Sources/Nice/Views/BottomStatusBarView.swift [edit]
48	Edit	/Users/nick/Projects/nice/.claude/worktrees/ab-swift/Sources/Nice/Views/BottomStatusBarView.swift [edit]
49	Edit	/Users/nick/Projects/nice/.claude/worktrees/ab-swift/Sources/Nice/Views/BottomStatusBarView.swift [edit]
50	Bash	sed -n '1,60p' scripts/install.sh 2>/dev/null; echo "=== worktree-lock ==="; sed -n '1,40p' scripts/worktree-lock.sh 2>/dev/null
51	Bash	scripts/worktree-lock.sh acquire install && echo "LOCK ACQUIRED"
52	Bash	scripts/install.sh 2>&1 | tail -60
53	Bash	scripts/test.sh \\\n  -only-testing:NiceUnitTests/ChromeEventRouterTests \\\n  -only-testing:NiceUnitTests/WindowChromeTests \\\n  -only-testing:NiceUnitTests/WindowToolbarDragRegionTests \\\n  -only-
54	Bash	scripts/test.sh -only-testing:NiceUITests/WindowDragUITests 2>&1 | tail -35
55	Bash	snap="$(ps -Aww -o pid=,args=)"; echo "=== prod Nice ==="; printf '%s\\n' "$snap" | grep -E '/Applications/Nice\\.app/Contents/MacOS/Nice( |$)' | grep -v grep; echo "=== Nice Dev ==="; printf '%s\\n' 
56	Bash	open -a "Nice Dev"; for i in 1 2 3 4 5 6 7 8; do sleep 1; done; snap="$(ps -Aww -o pid=,args=)"; printf '%s\\n' "$snap" | grep -E 'Nice Dev\\.app/Contents/MacOS/Nice Dev( |$)' | grep -v grep && echo "
57	Bash	shot=/tmp/nice-dev-statusbar-$(date +%s).png; screencapture -x "$shot" && echo "$shot"
58	Read	/tmp/nice-dev-statusbar-1783037381.png
59	Bash	osascript -e 'tell application "Nice Dev" to activate' 2>&1; for i in 1 2 3; do sleep 1; done; shot=/tmp/nice-dev-statusbar2-$(date +%s).png; screencapture -x "$shot" && echo "$shot"
60	Read	/tmp/nice-dev-statusbar2-1783037394.png
61	Bash	osascript <<'EOF' 2>&1\ntell application "System Events"\n    set out to ""\n    if exists (process "Nice Dev") then\n        tell process "Nice Dev"\n            set out to out & "frontmost=" & (fron
62	Bash	f1=/tmp/nd-d1-$(date +%s).png; f2=/tmp/nd-d2-$(date +%s).png; screencapture -x -D1 "$f1"; screencapture -x -D2 "$f2"; echo "$f1"; echo "$f2"; for f in "$f1" "$f2"; do sips -g pixelWidth -g pixelHeight
63	Read	/tmp/nd-d2-1783037435.png
64	Bash	osascript <<'EOF' 2>&1\ntell application "Nice Dev" to activate\ndelay 0.5\ntell application "System Events"\n    tell process "Nice Dev"\n        set frontmost to true\n        if (count of windows) 
65	Read	/tmp/nd-front-1783037470.png
66	Bash	python3 - <<'EOF'\nfrom PIL import Image\nim = Image.open("/tmp/nd-front-1783037470.png")  # 3440x1440 native\n# Nice Dev window bottom region (native coords). Window ~ x[690..1825], bottom ~ y880.\nc
67	Read	/tmp/nd-statusbar-crop.png
68	Bash	cat > /tmp/nd_bounds.swift <<'EOF'\nimport CoreGraphics\nimport Foundation\nguard let list = CGWindowListCopyWindowInfo([.optionOnScreenOnly], kCGNullWindowID) as? [[String: Any]] else { exit(1) }\nfo
69	Bash	cat > /tmp/nd_verify.swift <<'EOF'\nimport AppKit\nimport CoreGraphics\nimport Foundation\n\nfunc niceDevBounds() -> CGRect? {\n    guard let list = CGWindowListCopyWindowInfo([.optionOnScreenOnly], k
70	Bash	cat > /tmp/nd_dblclick.swift <<'EOF'\nimport CoreGraphics\nimport Foundation\n\nfunc niceDevBounds() -> CGRect? {\n    guard let list = CGWindowListCopyWindowInfo([.optionOnScreenOnly], kCGNullWindowI
71	Bash	scripts/test.sh -only-testing:NiceUnitTests 2>&1 | tail -15
72	Bash	osascript -e 'tell application "Nice Dev" to quit' 2>&1; sleep 1\nscripts/worktree-lock.sh release 2>&1\nrm -f /tmp/nd_bounds.swift /tmp/nd_verify.swift /tmp/nd_dblclick.swift /tmp/nd-*.png /tmp/nice-
73	Bash	snap="$(ps -Aww -o pid=,args=)"; echo "prod: $(printf '%s\\n' "$snap" | grep -E '/Applications/Nice\\.app/Contents/MacOS/Nice( |$)' | grep -v grep | wc -l | tr -d ' ') running (PID unchanged=58741)"; 
