1	Read	/Users/nick/Projects/nice/.claude/worktrees/ab-rust/spikes/phase0-poc/src/gpui_term.rs
2	Read	/Users/nick/Projects/nice/.claude/worktrees/ab-rust/spikes/phase0-poc/README.md
3	Bash	cd /Users/nick/Projects/nice/.claude/worktrees/ab-rust/spikes/phase0-poc && grep -n "run_interactive\\|fn run_live\\|traffic\\|title_bar\\|TitlebarOptions\\|window_button\\|standardWindowButton\\|Wind
4	Read	/Users/nick/Projects/nice/.claude/worktrees/ab-rust/spikes/phase0-poc/src/gpui_term.rs
5	Read	/Users/nick/Projects/nice/.claude/worktrees/ab-rust/spikes/phase0-poc/src/gpui_term.rs
6	Read	/Users/nick/Projects/nice/.claude/worktrees/ab-rust/spikes/phase0-poc/src/gpui_term.rs
7	Bash	cd /Users/nick/Projects/nice/.claude/worktrees/ab-rust/spikes/phase0-poc && ls vendor/ 2>/dev/null && echo "---GPUI DIR---" && ls vendor/gpui-0.2.2/src/platform/mac/ 2>/dev/null | head -40
8	Bash	cd /Users/nick/Projects/nice/.claude/worktrees/ab-rust/spikes/phase0-poc && grep -n "traffic_light\\|StandardWindowButton\\|standardWindowButton\\|WindowButton\\|appears_transparent\\|titlebar\\|FullS
9	Read	/Users/nick/Projects/nice/.claude/worktrees/ab-rust/spikes/phase0-poc/vendor/gpui-0.2.2/src/platform/mac/window.rs
10	Read	/Users/nick/Projects/nice/.claude/worktrees/ab-rust/spikes/phase0-poc/vendor/gpui-0.2.2/src/platform/mac/window.rs
11	Read	/Users/nick/Projects/nice/.claude/worktrees/ab-rust/spikes/phase0-poc/vendor/gpui-0.2.2/src/platform/mac/window.rs
12	Bash	cd /Users/nick/Projects/nice/.claude/worktrees/ab-rust/spikes/phase0-poc && grep -rn "fn on_click\\|fn hover\\|fn on_mouse_down\\|fn active\\b\\|trait StatefulInteractiveElement\\|trait InteractiveEle
13	Bash	cd /Users/nick/Projects/nice/.claude/worktrees/ab-rust/spikes/phase0-poc && grep -n "fn id\\b\\|impl StatefulInteractiveElement\\|impl InteractiveElement\\|pub struct Stateful\\|InteractiveElement for
14	Bash	cd /Users/nick/Projects/nice/.claude/worktrees/ab-rust/spikes/phase0-poc && grep -n "fn grid_canvas\\|struct CanvasExtras\\|impl CanvasExtras\\|fn none\\|CanvasExtras\\b" src/gpui_term.rs | head
15	Read	/Users/nick/Projects/nice/.claude/worktrees/ab-rust/spikes/phase0-poc/src/gpui_term.rs
16	Bash	cd /Users/nick/Projects/nice/.claude/worktrees/ab-rust/spikes/phase0-poc && sed -n '/pub fn canvas/,/^}/p' vendor/gpui-0.2.2/src/elements/canvas.rs | head -40; echo "=== Styled/size impl ==="; grep -n
17	Read	/Users/nick/Projects/nice/.claude/worktrees/ab-rust/spikes/phase0-poc/vendor/gpui-0.2.2/src/elements/canvas.rs
18	Bash	cd /Users/nick/Projects/nice/.claude/worktrees/ab-rust/spikes/phase0-poc && grep -oE "fn (flex_col|flex_row|flex_1|flex_grow|flex_shrink_0|w_full|h_full|size_full|rounded_full|border_1|border_color|bg
19	Bash	cd /Users/nick/Projects/nice/.claude/worktrees/ab-rust/spikes/phase0-poc && grep -rn "rounded_full\\|border_color\\|fn absolute\\|margin_style_methods\\|position_style_methods\\|border_style_methods\\
20	Read	/Users/nick/Projects/nice/.claude/worktrees/ab-rust/spikes/phase0-poc/vendor/gpui-0.2.2/src/styled.rs
21	Bash	cd /Users/nick/Projects/nice/.claude/worktrees/ab-rust/spikes/phase0-poc && (find / -type d -name "gpui-macros*" -path "*registry*" 2>/dev/null | head -1) 
22	Bash	cd /Users/nick/Projects/nice/.claude/worktrees/ab-rust/spikes/phase0-poc && grep -rhoE "\\.(rounded_full|border_1|border_color|absolute|top|left|w_full|h_full|justify_center|items_center|gap_1|gap_2|c
23	Bash	sleep 3; cat /private/tmp/claude-501/-Users-nick-Projects-nice--claude-worktrees-rewrite-spikes-phase0-poc/94102acd-7c6d-49ee-a00a-3c3d9c4bfc4e/tasks/bynkm75w6.output 2>/dev/null
24	Bash	GM=$(find "$HOME/.cargo/registry/src" -maxdepth 1 -type d -name "gpui-macros*" 2>/dev/null | head -1); echo "DIR=$GM"; if [ -n "$GM" ]; then grep -rhoE "\\"?(w_full|h_full|size_full|rounded_full|round
25	Bash	cd /Users/nick/Projects/nice/.claude/worktrees/ab-rust/spikes/phase0-poc && grep -n "gpui.macros\\|gpui_macros" vendor/gpui-0.2.2/Cargo.toml; echo "=== locate gpui_macros crate ==="; find "$HOME/.carg
26	Bash	GM="/Users/nick/.cargo/registry/src/index.crates.io-1949cf8c6b5b557f/gpui-macros-0.2.2"; ls "$GM/src"; echo "=== style_helpers method names ==="; grep -rhoE "\\b(w_full|h_full|size_full|w|h|size|round
27	Bash	GM="/Users/nick/.cargo/registry/src/index.crates.io-1949cf8c6b5b557f/gpui-macros-0.2.2"; grep -nE "rounded_full|full\\b|position_style_methods|border_style_methods|style_helpers|corner|rounded|_full|p
28	Bash	GM="/Users/nick/.cargo/registry/src/index.crates.io-1949cf8c6b5b557f/gpui-macros-0.2.2"; sed -n '341,420p' "$GM/src/styles.rs"
29	Bash	cd /Users/nick/Projects/nice/.claude/worktrees/ab-rust/spikes/phase0-poc && for ln in 855 1235 1316 1910 1920 2028 2634; do echo "=== around $ln ==="; sed -n "$((ln-6)),$((ln+3))p" vendor/gpui-0.2.2/s
30	Bash	cd /Users/nick/Projects/nice/.claude/worktrees/ab-rust/spikes/phase0-poc && grep -nE "extern \\"C\\" fn (window_did|window_will|window_should)|move_traffic_light\\(\\)|fn window_did_resize|fullscreen|
31	Read	/Users/nick/Projects/nice/.claude/worktrees/ab-rust/spikes/phase0-poc/vendor/gpui-0.2.2/src/platform/mac/window.rs
32	Bash	cd /Users/nick/Projects/nice/.claude/worktrees/ab-rust/spikes/phase0-poc && sed -n '/impl Default for Style/,/^}/p' vendor/gpui-0.2.2/src/style.rs | grep -nE "flex_direction|flex_grow|flex_shrink|flex
33	Bash	cd /Users/nick/Projects/nice/.claude/worktrees/ab-rust/spikes/phase0-poc && grep -nE "impl.*Styled for Stateful|impl.*InteractiveElement for Stateful|impl.*Element for Stateful|impl<E> Stateful|impl.*
34	Bash	cd /Users/nick/Projects/nice/.claude/worktrees/ab-rust/spikes/phase0-poc && grep -nE "fn bg<|fn bg\\(|impl From<Rgba> for Hsla|impl From<Rgba> for Fill|impl From<Rgba> for Background|pub fn rgb\\(" ve
35	Edit	/Users/nick/Projects/nice/.claude/worktrees/ab-rust/spikes/phase0-poc/src/gpui_term.rs [edit]
36	Bash	cd /Users/nick/Projects/nice/.claude/worktrees/ab-rust && git worktree list 2>/dev/null | sed 's#/Users/nick/Projects/nice#REPO#g'
37	EnterWorktree	{"path":"/Users/nick/Projects/nice/.claude/worktrees/ab-rust"}
38	Edit	/Users/nick/Projects/nice/.claude/worktrees/ab-rust/spikes/phase0-poc/src/gpui_term.rs [edit]
39	Edit	/Users/nick/Projects/nice/.claude/worktrees/ab-rust/spikes/phase0-poc/src/gpui_term.rs [edit]
40	Edit	/Users/nick/Projects/nice/.claude/worktrees/ab-rust/spikes/phase0-poc/src/gpui_term.rs [edit]
41	Edit	/Users/nick/Projects/nice/.claude/worktrees/ab-rust/spikes/phase0-poc/src/gpui_term.rs [edit]
42	Edit	/Users/nick/Projects/nice/.claude/worktrees/ab-rust/spikes/phase0-poc/src/gpui_term.rs [edit]
43	Edit	/Users/nick/Projects/nice/.claude/worktrees/ab-rust/spikes/phase0-poc/src/gpui_term.rs [edit]
44	Edit	/Users/nick/Projects/nice/.claude/worktrees/ab-rust/spikes/phase0-poc/src/gpui_term.rs [edit]
45	Bash	cd /Users/nick/Projects/nice/.claude/worktrees/ab-rust/spikes/phase0-poc && ls -d vendor/gpui-0.2.2 >/dev/null 2>&1 && echo "vendor present" || echo "vendor MISSING"; echo "--- building gpui-term (thi
46	Bash	cd /Users/nick/Projects/nice/.claude/worktrees/ab-rust/spikes/phase0-poc && echo "=== workload self-test ===" && cargo run --bin gpui-term 2>&1 | tail -4; echo "=== pty echo self-test ===" && NICE_POC
47	Bash	cd /Users/nick/Projects/nice/.claude/worktrees/ab-rust/spikes/phase0-poc && NICE_POC_RUN=1 NICE_POC_INTERACTIVE=1 NICE_POC_SECS=150 cargo run --bin gpui-term > /tmp/pin-live.log 2>&1 &\necho "launched
48	Bash	python3 - <<'PY' 2>&1 | head -20\ntry:\n    import Quartz\n    wl = Quartz.CGWindowListCopyWindowInfo(\n        Quartz.kCGWindowListOptionOnScreenOnly | Quartz.kCGWindowListExcludeDesktopElements,\n  
49	Bash	echo "desktop bounds (points):"; osascript -e 'tell application "Finder" to get bounds of window of desktop' 2>&1\necho "menubar-visible frame via AppleScript:"; osascript -e 'tell application "System
50	Bash	cat > /tmp/winfind.swift <<'SWIFT'\nimport CoreGraphics\nimport Foundation\nlet opts = CGWindowListOption(arrayLiteral: .optionOnScreenOnly, .excludeDesktopElements)\nguard let arr = CGWindowListCopyW
51	Bash	screencapture -x -o -l16239 /tmp/pin1.png 2>&1; echo "exit=$?"; ls -l /tmp/pin1.png 2>&1; file /tmp/pin1.png 2>&1
52	Read	/tmp/pin1.png
53	Bash	cat > /tmp/click.swift <<'SWIFT'\nimport CoreGraphics\nimport Foundation\nlet x = Double(CommandLine.arguments[1])!\nlet y = Double(CommandLine.arguments[2])!\nlet p = CGPoint(x: x, y: y)\nlet src = C
54	Read	/tmp/pin2.png
55	Bash	osascript -e 'tell application "System Events" to tell process "gpui-term" to set size of window 1 to {760, 520}' 2>&1\nsleep 1\n/tmp/winfind\nscreencapture -x -o -l16239 /tmp/pin3.png 2>&1; echo "cap
56	Read	/tmp/pin3.png
57	Bash	# Click window body to make it key again (focus regain), then hover the close button to show live hover glyphs\n/tmp/click 594 358 >/dev/null 2>&1\nsleep 1\n# Move mouse over the traffic-light cluster
58	Bash	echo "--- live log tail ---"; tail -5 /tmp/pin-live.log; echo "--- process check ---"; ps -p 27456 >/dev/null 2>&1 && echo "still running" || echo "process 27456 exited"; /tmp/winfind || echo "(no win
59	Bash	cd /Users/nick/Projects/nice/.claude/worktrees/ab-rust/spikes/phase0-poc && NICE_POC_RUN=1 NICE_POC_INTERACTIVE=1 NICE_POC_SECS=120 cargo run --bin gpui-term > /tmp/pin-live2.log 2>&1 &\necho "launche
60	Bash	screencapture -x -o -l16284 /tmp/pf_focused.png 2>&1; echo "focused cap=$?"\n# Enter fullscreen via Accessibility\nosascript -e 'tell application "System Events" to tell process "gpui-term" to set val
61	Read	/tmp/pf_full.png
62	Bash	osascript -e 'tell application "System Events" to tell process "gpui-term" to set value of attribute "AXFullScreen" of window 1 to false' 2>&1\nsleep 2\n/tmp/winfind\n# bring key focus back by clickin
63	Bash	sleep 2; /tmp/winfind\nscreencapture -x -o -l16284 /tmp/pf_exited2.png 2>&1; echo "exited2 cap=$?"
64	Read	/tmp/pf_exited2.png
65	Bash	osascript <<'OSA' 2>&1\ntell application "System Events"\n  tell process "gpui-term"\n    set frontmost to true\n    delay 0.3\n    set value of attribute "AXFullScreen" of window 1 to false\n  end te
66	Bash	/tmp/warp 40 4 >/dev/null 2>&1; sleep 0.4; /tmp/warp 40 8 >/dev/null 2>&1; sleep 1\nscreencapture -x -o -l16293 /tmp/overlay.png 2>&1; echo "overlay cap=$?"; file /tmp/overlay.png
67	Read	/tmp/overlay.png
68	Bash	cat > /tmp/key.swift <<'SWIFT'\nimport CoreGraphics\nimport Foundation\n// keycode + flags from args: usage: key <keycode> <ctrl:0/1> <cmd:0/1>\nlet kc = CGKeyCode(UInt16(CommandLine.arguments[1])!)\n
69	Bash	ps -p 29642 >/dev/null 2>&1 && echo "process alive" || echo "process exited"; /tmp/winfind || echo "(winfind: no match)"; echo "--- log tail ---"; tail -2 /tmp/pin-live2.log
70	Bash	cd /Users/nick/Projects/nice/.claude/worktrees/ab-rust/spikes/phase0-poc && NICE_POC_RUN=1 NICE_POC_INTERACTIVE=1 NICE_POC_SECS=90 cargo run --bin gpui-term > /tmp/pin-live3.log 2>&1 &\necho "pid $!";
71	Bash	/tmp/warp 40 40 >/dev/null 2>&1; sleep 0.5; /tmp/warp 60 42 >/dev/null 2>&1; sleep 1.2\nscreencapture -x -o -l16355 /tmp/tbar.png 2>&1; echo "cap=$?"; file /tmp/tbar.png
72	Read	/tmp/tbar.png
73	Bash	osascript -e 'tell application "System Events" to tell process "gpui-term" to set value of attribute "AXFullScreen" of window 1 to false' 2>&1\nsleep 5; echo "bounds after exit attempt:"; /tmp/winfind
74	Bash	kill -TERM 29800 2>/dev/null; sleep 2\nps -p 29800 >/dev/null 2>&1 && { echo "still alive, SIGKILL"; kill -KILL 29800 2>/dev/null; sleep 1; } || echo "terminated"\nps -p 29800 >/dev/null 2>&1 && echo 
75	Bash	cd /Users/nick/Projects/nice/.claude/worktrees/ab-rust/spikes/phase0-poc && cargo build --bin gpui-term 2>&1 | grep -vE "^(warning: the following|note: to see)" | tail -6; echo "=== git diff --stat ==
76	Bash	git -C /Users/nick/Projects/nice/.claude/worktrees/ab-rust diff spikes/phase0-poc/src/gpui_term.rs
77	Bash	rm -f /tmp/winfind /tmp/winfind.swift /tmp/click /tmp/click.swift /tmp/warp /tmp/warp.swift /tmp/key /tmp/key.swift /tmp/pin*.png /tmp/pf_*.png /tmp/tbar.png /tmp/overlay.png /tmp/wid.txt 2>/dev/null;
